,ds,분기당_매출_금액,분기당_매출_건수,주중_매출_금액,주말_매출_금액,월요일_매출_금액,화요일_매출_금액,수요일_매출_금액,목요일_매출_금액,금요일_매출_금액,토요일_매출_금액,일요일_매출_금액,시간대_00~06_매출_금액,시간대_06~11_매출_금액,시간대_11~14_매출_금액,시간대_14~17_매출_금액,시간대_17~21_매출_금액,시간대_21~24_매출_금액,남성_매출_금액,여성_매출_금액,연령대_10_매출_금액,연령대_20_매출_금액,연령대_30_매출_금액,연령대_40_매출_금액,연령대_50_매출_금액,연령대_60_이상_매출_금액,주중_매출_건수,주말_매출_건수,월요일_매출_건수,화요일_매출_건수,수요일_매출_건수,목요일_매출_건수,금요일_매출_건수,토요일_매출_건수,일요일_매출_건수,시간대_건수~06_매출_건수,시간대_건수~11_매출_건수,시간대_건수~14_매출_건수,시간대_건수~17_매출_건수,시간대_건수~21_매출_건수,시간대_건수~24_매출_건수,남성_매출_건수,여성_매출_건수,연령대_10_매출_건수,연령대_20_매출_건수,연령대_30_매출_건수,연령대_40_매출_건수,연령대_50_매출_건수,연령대_60_이상_매출_건수,점포수
0,2014-1분기,225855349.704652,1890.6747007051079,191866549.309984,34119924.55222477,39706514.68158698,48789850.923423685,37605048.88064788,37701900.42313065,28318440.197031148,31707416.381883543,2380025.3586675557,1040415.9736725423,28713946.880938362,46944845.62005511,97291197.47117108,48600902.139051415,3555472.7181529477,101268427.87035677,37588592.84568794,13045.861171146647,10005505.089017328,49389017.304688506,37922765.02711813,19582271.27205912,22188451.28839642,1611.6129720091687,281.17254088000107,329.2447940906394,336.9094013866901,302.70902882187414,333.5243900692269,306.7056265192623,267.70699237494284,12.849378043329308,13.249946175822819,254.49842480512436,495.3922510441518,722.0337862389932,371.1462230930734,33.72030011923391,873.7818535860204,387.6398018267638,0.3746851443508201,141.0704622743071,589.3932449466215,340.12476437441296,105.03232377304775,85.19646790695435,18.96883717204907
1,2014-2분기,208599176.70458454,1602.747865207395,183654069.86826417,24697040.94216492,34592847.073467,23072825.084804494,31237810.332966477,59534060.68048042,34931576.18293383,20071685.748326227,4636045.023418201,1722432.036155725,22267817.511018217,41647676.10857494,66439089.02110842,74544788.80343366,1798934.6169280428,103746486.87173316,40145241.66220062,11826.58295229555,16127874.858918758,64872541.123621,32305549.884667203,12354772.792716457,18413444.839485638,1315.8099223419563,288.11429404225805,270.0535265213328,229.67494910242323,222.97909539598157,286.9095612401389,304.79421162813463,258.2932392661106,29.624101801744658,41.816447324869046,167.695881071958,365.40683518006193,475.46338155525024,479.42257104260796,72.06528566598085,850.5388780598536,370.6642290826042,0.15625048253652807,204.39962163046684,607.1989719475275,249.57258114791387,82.8951610934858,77.98636928099916,14.22665632533803
2,2014-3분기,150675055.67587566,1444.3071349624468,129660464.67267223,21275158.402792275,30676943.570877373,6426035.18887572,18490755.668814205,43561868.16573412,30672576.705056474,18469426.348770842,2757375.859963385,2071703.3183739833,8693048.314102624,42068958.269883916,33306296.14555098,58675764.192333184,5843609.071140386,71496969.2198186,29150060.699584518,-12233.3437627026,17052912.53158613,32723378.65913581,24708362.933154088,8875378.70323634,17459488.067938518,1165.3252622074729,279.2897408722548,265.1638949059116,176.3454336897451,195.87939832507828,239.8368519496,284.9917928705028,247.34905398246156,31.59676466125136,51.106238920736764,145.18728477485797,356.3065846445208,367.1299447120314,397.26665587808145,126.79364152584014,790.4516470480675,319.38839680597613,-0.18081433749601206,225.65261480483542,536.3146424816755,202.0856924496315,101.63313691469335,45.69868922687539,12.637242213099096
3,2014-4분기,209926068.594074,1640.0339703938637,178124709.47178,31473996.201218687,42732330.08766483,43676627.79828014,25782884.163319834,30995151.727904677,34773945.34730388,25180602.766959917,6320428.599753934,831898.7369432631,26311172.633735754,56315284.309817135,81455558.17263561,41636240.60709339,3363527.426442055,104054785.64125812,31497580.701585762,4702.389441423205,12912511.621084625,48077142.57912945,30510414.404973373,16753958.563874036,27498877.09304742,1377.711558400933,264.06155195188694,307.9281950021566,266.89434694038687,251.4884698954835,250.52897961101024,300.34728553197607,240.9057379502756,23.04398781253573,14.99261781799381,205.48692437812574,428.53485017165934,604.8488193385167,337.8047733953534,47.50297271407083,878.1464395819524,297.05881645295847,0.1906440565248988,162.08037053992058,565.8780771910583,263.2910212827613,83.53009387181667,100.98848624982344,16.937977308050147
4,2015-1분기,193506071.9807729,1761.887500051539,165053322.67082474,28646762.969325207,33461991.685429882,39858189.28217378,36116341.358587936,30236264.2750141,25651722.971580274,25957021.33604838,2654504.3735705647,2566747.4004581347,27273625.1909678,43317398.17142221,77597092.09867316,38769902.317874886,4228903.6417448465,92844969.78691895,33935593.558663115,9555.809071564097,7293195.695357005,41562115.82574169,33704316.14310451,26499598.087297935,17757527.78648068,1500.0113103937313,263.08696628187926,304.2550072813901,311.38255366115544,285.33609280247623,302.190220834702,295.0539194708107,248.6241233903031,14.041346422258187,22.84682493086013,276.89075945622704,456.7638976625154,635.7086379528888,334.86152483530896,34.60642019527303,815.5077692064492,389.5175446440031,0.26706544096564966,127.10331683569278,557.8282759587973,286.0772809214089,143.9496330573332,90.60818254365698,17.201010327304992
5,2015-2분기,214668263.9212433,1498.5091958842545,187530297.25566286,26728532.30697118,34846491.42644821,25140544.60707427,26319035.87198814,66141604.0043847,35892172.30476494,24300841.12485007,2439324.6266738665,1355748.9994467264,25799890.99708592,38535791.126253076,69336317.90394315,78761349.06306458,1044961.8703070153,97497458.51127428,39921224.906341396,18864.60609728176,14788825.516603759,67506893.90246002,34294782.07539053,10972256.021710655,10023816.750644142,1230.3580594676312,268.93832567330014,241.6712897353044,214.83547584909326,198.71758030223523,282.9156222798203,292.7813007122251,248.9703884200485,20.029488340452794,35.6711166648265,168.79625741599284,358.30089004460615,429.86982996036215,450.41950496021934,54.19772675361086,767.3301097034157,359.7600652182165,0.2401326086027329,193.45070512888182,529.7538765228468,260.9441204966422,69.65737757259295,71.41211945212797,13.123855653437275
6,2015-3분기,176975605.90880355,1358.2520357365956,153328843.65292323,23924868.68823004,36664990.097154886,22515484.79432901,19522702.956718244,38749400.63023082,36302610.56570134,21957988.05883464,1930907.0335229202,1630838.129583063,15047650.43928477,43744600.366802156,46740964.90384415,63579652.32229456,6246680.101787452,85690692.09556657,23036769.051975176,-9070.165573673585,15322143.19572001,34507421.74798954,39516570.42750471,10612935.312546257,8962846.847372571,1093.3730897819946,263.88532009360455,259.7754774167794,165.55171269778896,193.67657339927436,201.80194158822752,270.4179971462803,239.0218891510507,24.61817294815892,41.611181832295614,147.3376387731303,343.0571020931818,379.6089292024152,336.74636767607694,109.41183764040755,731.2499202019678,303.47899738339976,-0.146905205605673,204.65420818034244,480.41157855355476,231.13056523760568,92.82242128091617,25.21045511002847,12.46433975356224
7,2015-4분기,163610836.82987854,1352.4866378521688,139450207.93311298,23642123.822907753,29912002.45804227,41175548.136850536,15842364.76943519,24740448.38695577,28133251.62023012,16371078.14377319,7333748.057274894,418345.10427984595,16818376.63013079,38990409.450451136,73100015.4000709,31881955.108635195,2576911.6652794704,87772677.95157816,25084848.294870425,-11408.32608244141,10106546.459413916,43383185.492180765,24711289.331188,10026080.397735877,24797862.16038775,1142.0548064300974,211.4778678106669,280.0208623867537,219.05773176105154,203.17621646175053,197.17110776730206,243.49937040018645,191.7690068523369,19.76395986297674,9.113903085387449,180.72012624731718,344.56893263869335,512.8769758877044,264.9298995714904,38.20853888035384,747.029436309884,255.22599747336955,-0.34785007330991347,137.69280552177935,466.60654456971855,234.54759670507116,69.31282320436989,95.66962785675142,14.935143732179466
8,2016-1분기,162936048.40572357,1644.6239950152592,139832751.89296645,23381396.81993235,27397543.821231894,30912553.713439215,35225674.83107593,22967158.880519353,23056556.84404411,20336415.518026933,3027014.296034969,4138687.10882771,26084558.868519515,39794529.469292685,58506721.852652326,29500991.450291306,4939235.653216058,85332800.18347482,30678796.5403385,5854.03760238344,4625132.918091411,34413206.92730947,29724015.293935392,33529038.00950232,13799557.795168582,1399.5374558913195,244.79713387645,281.19621598335084,287.0650980335524,271.4309185939686,273.88734866890337,283.75548482944225,228.9272055328458,15.412470462850003,32.408973444962356,303.09794062775455,419.9842701947965,552.8179275688861,300.57703468917657,35.20907246918835,762.2947845373374,396.19578969394917,0.15238701533134447,111.8655379853696,531.9553340932334,232.72603671718431,184.90800460298124,97.29306507576675,15.482049083427782
9,2016-2분기,241915404.8094169,1673.3588458111706,212544014.09218577,29129066.640393272,39695795.46959519,53786968.27438016,47995677.69127011,33860250.41465287,37734448.48360121,22832779.636394527,6313670.89639644,795884.7466881941,34322138.313048705,49243520.547369346,99943888.94383058,55665751.36329968,2156889.62370809,132540141.78272468,34111677.76115592,11534.261201428606,10266236.411434863,51934314.64130108,50840101.137912214,21542160.778510712,32191082.472288337,1436.3767605449461,237.76687453802964,306.73947025600387,291.3257575408528,265.26965279693314,270.36517479155066,302.26210304422887,214.0135790024927,23.519958633198204,12.542270647223626,234.9084842028494,388.80069574091306,650.9996401689189,361.4462739198814,23.47871486689987,850.8789081015541,324.51898073675176,0.24532626608192531,118.43530375683605,558.4677564977789,292.9919537909262,108.5030269006262,97.87006447176225,16.289297163429048
10,2016-3분기,209176372.16228166,1639.1598530096003,171775383.1896135,37152867.842330515,37936759.65424061,32298846.685073983,31296026.975484326,39987368.303017676,30453809.882687926,34258423.53000809,2926174.0316285095,833942.3062663237,30933384.78892728,57686799.02405856,73377977.98593897,41094809.53907105,5286258.921290891,98929222.52358419,35523210.920611374,781.6461179406324,8792085.472119953,30196080.07440719,38842974.19432096,19024338.880293455,37795329.51019372,1409.9197597053253,229.5817347123427,278.7129135907535,277.01311552734705,233.42060826137646,312.3025237137104,308.678189357224,212.74608623738547,16.685074837259354,15.365841833733146,258.2274492183303,437.4367459997349,525.7637627813577,353.0767003005845,48.4486161127987,828.5403760226411,274.1626456727202,0.04679867129286008,121.94188882828756,476.34200555808155,264.06715587270287,117.41000665159946,122.27459835747402,15.60187160066622
11,2016-4분기,266120257.45364797,1857.2730988392786,227532052.78107643,38711208.27147974,58720390.36654878,47472828.94596202,43007141.79894381,34949638.432018764,43371367.748406775,37993673.00582879,684849.5120169697,449565.8868908398,43480046.48422124,70419497.95907728,97794784.63928115,52447187.75623226,1615637.1308698896,106773682.33931194,35608114.45418568,40912.913826276425,14112828.63573794,43837658.579903275,38286500.69681811,24649459.029954128,21624442.59747074,1588.75249775343,269.04448607686993,303.37096329939686,322.13736409755256,295.9092110201458,310.95435781248455,354.5637016440624,257.4054159670101,11.05963434227378,4.193929538959615,262.2509700858264,532.9481653383082,730.1603868274016,311.21151063801767,16.06655498094988,888.4865646778924,302.58728252873914,1.3534495292521023,144.35177493354956,544.1049270950696,320.5187477143505,100.14662543343162,80.82808628858464,16.47457030299264
12,2017-1분기,166534590.0825909,1448.7763221430648,144870408.32889512,21305195.34388444,32259318.209401675,33009897.631770138,25718143.761132088,31941172.300885394,21761896.285093043,21676789.890095044,-326645.9202373127,-1393343.8653416792,15558519.227820387,37818097.70888673,72040758.99173768,42410823.03222029,21603.292783068493,54651865.42168549,29850745.113206547,-366.58350152289495,8897146.756017646,35884329.25016572,28700564.740659013,-596926.501303928,11992000.30351352,1240.4916616020487,208.4011921896395,246.84647100139955,256.0156469808167,232.4205827524438,277.6860957143535,228.54732659149505,207.12276870928088,1.2275901232657376,-4.705874523264688,190.2582689279684,404.517997920244,597.7856605811155,248.56132690489312,11.128682919359036,649.1046741404898,275.9573476986065,0.018847588535036985,111.46314988648905,402.29085886672436,329.19648574066684,39.775689674690824,40.88881088077529,12.859067498435076
13,2017-2분기,258256567.64878374,1604.1344172260374,226635624.3217382,31559493.120090853,40252290.13467499,59068958.560174644,44259473.18614419,43415757.75663357,39022895.9412843,27580269.155805785,3971812.1793149733,527914.9724685708,38854243.622031316,46888350.84174226,108566041.75923172,61780933.03622775,1369322.0939933825,132966462.69031942,33743990.67542831,20480.982266706415,8753245.783625735,57516752.57536999,55199238.94240886,20971991.469880566,24205715.88965575,1382.7349885040833,220.74308167984145,282.7671226398147,283.3258318997232,246.39685746288546,273.1185534762158,296.53839481495385,206.54872244598948,14.092725155755009,7.344937844596583,240.3646438517297,385.36140469082727,618.6829566660354,344.9713668112023,7.621850986366425,785.4916344522733,314.05879303153796,0.359714115562096,104.58997170108599,494.09740132659675,310.93888703124975,100.1303235786558,91.60797410785399,15.375967959932767
14,2017-3분기,237440465.18975726,1562.217014993309,196563916.20236298,40403392.85899276,43793555.06690701,49620296.94956714,31733866.00651687,34857871.62691097,36250918.80786983,38406664.22804329,2025004.7138905511,441523.4317752952,37244140.76165372,60743871.3296366,88435182.85803697,44425773.28885274,6028652.527531708,113576571.8039782,29122588.52598605,4105.567849033985,7126976.053424622,31453058.608822074,54413280.24262277,21287315.382881843,28325158.465145867,1340.2073745154103,222.37433900395493,273.76635170267076,267.77282245533974,229.81461603887783,272.08581684301333,298.41587491332916,212.62144707708805,9.969032341482732,6.767227548810711,259.01351280873587,426.1835785996532,538.8936540609341,294.6500646559126,36.663654368015486,774.7317542672602,258.6597602335097,0.09043256750892903,109.33868818318541,420.39258319439386,295.66897154161387,110.76112481813965,99.91274161401198,15.495057895280349
15,2017-4분기,223725245.77222705,1585.3659903589935,193731895.7443687,30345734.432344977,45560829.211594574,46660029.880297065,33519923.107464097,30824600.910283417,36919828.13385239,28840217.69229797,1447531.7320842515,133337.33242585137,34286145.7253658,52714018.46100581,92273189.13317111,43364128.0173158,811856.5222629402,93530454.52584513,29468455.90093648,24831.68265705668,10846786.351709107,40271566.76021416,33421338.968783855,18485366.84619419,19985878.151902888,1369.5024661403427,214.70072983677903,278.06539024771627,277.39672442258137,249.83055169000073,262.0394151668412,300.75773599323156,206.80743609606154,7.675116441020567,-0.9323850927991426,239.48707260584396,449.84261292430284,641.4258152313281,247.5343545266915,8.826055638476447,763.6641335015945,260.77697756094324,0.7985919161263126,113.7002433773693,449.5544476125606,292.8780843840519,90.83971174341627,76.58785776805051,14.621882124197102
16,2018-1분기,132451681.51406789,1308.53286029316,116504727.65863727,15629946.589651987,25839217.266197868,24111124.03104389,23630213.66342839,24289751.28726538,19025500.048055887,15802689.00515642,-150496.1349578487,85836.37437416706,13870201.176237686,34089914.32274615,51770687.206094496,32030385.017528586,656620.1304025166,45336168.94163257,25801368.655600168,-3636.6773460548866,6142247.001792825,27393602.31185019,24253640.48143561,6201355.481126521,7088547.773816858,1117.8310755898276,190.51746857489235,219.94166361726465,229.30284126501883,211.58805144593725,243.33807597012384,216.54039729214037,188.65469451843035,2.2358504432411412,4.913040391801931,208.81755444162175,364.05625142376385,508.10717064173326,210.29104121785102,12.282061915340933,585.7948237123037,273.0151630243853,-0.08156491362586227,98.76157069378543,365.03982544803836,274.51029933639063,76.61342799737103,45.02063687985766,11.043348201456366
17,2018-2분기,269456828.18062204,1517.3339288433613,235615225.59157506,33790173.84873086,40657206.72890811,62740054.23430619,39928385.1708306,51503200.44058627,40146747.349430375,32069484.263978526,1701296.4715137584,210000.9127136916,42886307.501551084,44149200.343973204,114324404.10974991,66951219.59701851,597353.6093210243,130048009.62144822,33448519.69385459,28477.342020017662,7327043.854846262,61626560.00291591,58370628.55874138,19992231.622586325,16016042.335819304,1313.1412351389795,202.62832045532366,256.57377541037414,271.89718404210583,224.81281098871483,272.5027843287691,287.66249475908927,198.14493719589464,4.577358644103442,1.6700106740013965,243.62989979548402,380.082094515113,579.7057752433122,322.22818580519913,-9.252390857636712,711.1532251150848,303.35537609342504,0.45890426658424,92.18591668844734,423.15017211790257,325.60493044244487,89.30236395963516,85.18614291204895,14.367405827262571
18,2018-3분기,264753776.9784797,1480.7754682303646,220819160.09096885,43357594.23617154,49721769.716915734,66334560.82362738,32472439.861580383,29886975.166690256,41968161.40452387,42229255.02940825,1161123.615506432,24819.37014636863,43581744.230069645,63114612.59758168,102695011.83778137,48549059.68554477,6601968.221150452,128013689.7669367,22863528.755987152,7354.5624053225365,5429430.874297019,32978616.124024957,69612525.45900704,23289900.124112986,19338382.734871082,1269.4322392246568,211.08301353875947,268.609822797206,257.76705230756744,226.92870028174184,232.95896638105248,286.01016204909854,208.41013190730024,3.12115929808051,-2.281256982484086,260.4937987404364,413.9457405952332,551.7446224559983,235.176125796545,22.08031343596275,718.2617157347555,242.9598814794958,0.12934582197952604,92.54347000786854,364.48685173951327,326.0231704861023,103.03233546375353,78.47780227879211,15.35574032963941
19,2018-4분기,179357744.71824175,1305.570126080811,157483943.99388173,22245067.805447277,32565037.340007126,45001111.626923315,23802152.600965586,25635200.166753404,30370352.235523246,19856082.961158372,2336181.1542816283,-231710.90930552222,24937967.481229004,35191185.05244635,85337152.44416851,33941927.450391784,16711.583985203877,78763197.52333921,23191526.996423986,8727.527434512718,7810281.6123295305,36142322.47039072,28086490.845822185,12035735.171252124,17816972.96399958,1142.0106041528452,161.22930679541,251.4573333806259,231.09631911140937,202.62477066883272,210.89673080097498,245.4171942651047,156.93181032446284,4.343275724752711,-6.435808940960175,215.7166558754105,366.2819049721585,551.0522725573629,179.25407849738258,0.5663813400328195,635.6800723966514,218.95180111228126,0.2516482614990596,86.18348167280689,352.629638033666,264.68572577180566,79.07495275353465,71.80810495530214,12.693745589005683
20,2019-1분기,100102334.88580452,1179.7146801553688,89691500.9690004,10156784.616927508,19594694.27506116,15179462.423244253,22140341.84519998,16824115.130221747,16358782.82101894,10052236.454920482,123982.87836776115,1612167.8017826597,12429878.181103062,30462408.21850677,32076436.961373203,22199385.179506026,1330051.0570460204,36912695.86983778,22148369.36266003,-7126.7294607861695,3429937.43842168,19566700.832907904,20035191.59684917,13118682.297495183,2657624.265948994,1006.2292148872575,172.43189233008718,194.95187682784507,203.77599353028717,194.21511528841864,212.0009496026859,204.88819109625416,169.5718252117755,3.427818831081477,14.509919145415783,231.2098883950355,325.4257259006298,421.78200219544783,174.00634162486313,13.16818251133867,527.5207378525909,274.8928943254167,-0.1891846640505046,84.79435892238719,333.4727014208855,220.4627448464061,115.53073727383969,50.43233053339168,9.27552134721956
21,2019-2분기,275525846.4659313,1413.06427994141,239491452.9216906,35821664.55323681,40910851.078581035,64807773.78407623,35008446.4137098,58110743.75442425,41107343.46867439,36298582.140640765,-495423.9268384349,-156682.12346859463,46418379.6822802,41037256.706649974,117221488.0862121,71167779.83889326,-156619.13494166546,123798963.50267483,33224502.932198025,35515.36514942964,5987994.340442399,64260912.77890754,60359860.746830896,18609714.852269866,7626414.241164107,1227.6890766726924,183.45234973236086,228.19153863967546,257.05771077271567,200.5512957433865,268.50588822942757,275.64908469358505,188.82208596171847,-5.017254805574036,-4.475319986268007,244.73027541874794,372.97397723711896,534.1122034666745,293.2251180954618,-27.11994935736344,627.9444550221822,292.4512007255269,0.5427863456903539,81.23693385118212,345.7029180963315,336.97637563634,76.06458042809294,78.61187209066249,13.264605143628936
22,2019-3분기,291054258.25860256,1394.6893894034754,244487539.01588312,46007303.333385386,55709816.23057006,82424010.45341949,33503222.85353904,25074507.613985784,47598195.26235883,45717759.23862386,334654.78744995384,-416045.81803784985,49936345.049749106,64790196.04113957,116129535.68282734,53452947.79739387,7005039.254215864,142207394.88518196,16750237.102963002,10517.740579737674,3698661.3692132724,34762659.20856973,84420732.95115925,25027456.734487556,10841741.509438269,1197.4796736919845,195.678589689611,263.2213912374037,246.9733312983814,224.7258752002872,194.92109887085405,271.43586717835615,200.08296665559197,-3.8574324032663103,-11.776314069719504,262.64415203317066,400.6940859027437,564.2235867503358,174.65583595180786,4.698509822793383,659.0599871004629,227.05047055604518,0.16325490713831603,71.5449970505215,308.5816292362549,355.0679489630609,94.22161982298664,57.98954715030936,15.182837857806883
23,2019-4분기,133042443.98775896,1017.9918139874808,118809442.40021673,14413193.47621505,19744709.688936457,42500031.98966493,13860762.37596563,19380496.799559426,23729658.505381852,11046500.834296755,3349500.6102892105,-645264.5414487943,15445170.172918279,17866251.540061973,76981464.79261504,24187641.931297593,-769904.1755503714,62481072.07618545,16778794.5848004,-7383.188102447966,5004316.289650949,31448365.377960652,22287365.771420594,5307857.007034487,15115958.02663674,906.3534591418987,108.64561958289764,223.5499724529965,183.2597039123907,154.31251708046372,157.53590181572457,188.5687799912743,107.79507881576384,1.06324778730583,-12.314523672453808,190.94985704510248,282.31381528615873,459.08040890199254,106.37920298414662,-8.728052361678763,504.56306732105816,177.11897064876234,-0.28684590316428715,61.79585033804422,253.3559467979044,235.94220680918028,64.85768207935526,66.48922550927827,10.690912001151698
24,2020-1분기,69532242.32144807,1062.42019569147,64470930.13314782,4891415.721135743,13530246.378851026,6233826.8767391145,21249097.950811695,9555009.702576108,13763616.68999259,4431573.128564835,496492.79942127084,3184107.5108119017,11240810.553554446,26939480.85988321,12985921.87633358,12930474.288537461,2040383.0690542012,29400508.501638044,18891572.34040533,-10828.500942623257,761874.4972296273,12417791.926847672,16054890.746845009,20148122.221835904,-1300345.7296578642,905.7549673745075,154.1420568511604,171.89304297927418,179.4585378806245,180.30994091935986,183.69512030851598,193.5892573160745,149.8749069587276,4.7989428861583665,24.07206766114937,257.41706888195347,288.64392627266704,338.8912715946037,139.72184974418985,13.770834873363569,474.30775140772124,281.57112789644833,-0.30386311256665444,69.55651381273259,307.5976009081194,167.11140622705085,156.4891088122642,57.11719198962402,7.556560091573981
25,2020-2분기,156838132.62435585,1145.4980993696804,145050790.71735615,11533450.860765435,24816657.580123834,31437753.606650896,37137291.22291855,23790519.253373444,28587551.632814214,8541252.866455741,3013598.646243508,-215528.60406421497,21242257.08302871,27227647.53239844,67105076.99166214,42773632.383808464,-1280064.9344021082,78741402.81864297,23535967.93245509,600.4367077504139,6476617.071898468,32272369.112814844,36211606.2716067,9184191.895962603,17998724.44538945,1004.5939310017714,138.71122402135856,210.45831603152115,197.98067679425193,182.71981555979778,197.54041677031094,218.90429167180358,128.76569524727344,10.400187297537665,1.304877245580582,201.6598820975519,272.55713996101446,474.5178636950251,198.91111115952452,-3.639051044300487,561.7052908194735,219.8533961574755,-0.05678410423256919,68.21803691111576,329.69343080172405,244.9128672187037,84.94845671291812,55.297552290435426,9.140973161283714
26,2020-3분기,145623022.73312628,1196.513323201254,123233781.41838528,22563360.671707846,24139965.351097107,19110466.79679545,24515736.037407357,32849470.39522102,22977726.183433782,23439941.36761424,-891446.6658331557,-189274.00380507112,22350832.808679014,33007054.259945862,57372224.504946895,31280410.531552758,1670872.7199238501,55743075.67165174,26131740.002361618,-2903.311862203438,4616589.681988356,14037651.3108978,28050042.876878113,9678434.287572863,25442379.459079787,1066.9588239308482,126.23548938654523,200.77839413339518,208.45063990135358,165.1617783589515,256.62563501936984,237.547381485276,125.59431565703647,0.8719396217379902,-0.0840216406583183,243.68671069505498,344.5964618245714,403.96076042691624,191.92032560484574,13.023786460103139,554.8438284079036,182.9106195151756,-0.07304829262342394,60.42588176087189,252.15460855894344,237.96338026757456,102.88289163303307,83.37771345229982,9.692888412455392
27,2020-4분기,178850721.620808,1258.3509994971323,157118243.0344115,21122733.69842636,47433040.2895328,28540547.73629655,27074823.800809167,18534278.226662263,35526805.86934509,22109518.753477596,-931680.2380426982,-330820.049968767,29532788.454593223,73276468.23500034,44685780.663990885,31969962.493049532,-484836.3956967611,58078320.92064886,22654379.85951593,20967.314960906024,9813760.341623388,21084132.986845013,30461251.812807493,12540297.792131077,6614114.583081124,1067.1409746048887,190.06551956280768,188.38241668357944,212.9532356959314,202.33773660080908,204.03090844149312,264.2403462904971,187.90475234006587,2.778517883790297,-2.053926485408536,210.38766307393706,395.64000589007685,499.288855768487,156.79705106218034,-1.6594432740667173,618.6225915091113,185.03298985174519,0.7997731402530694,106.35456117209421,335.4667418071437,240.54103650913737,74.00349886978664,48.940322942342775,8.254853433564017
28,2021-1분기,189097333.42539945,1070.7047461048194,176221858.51752737,13244736.84597081,32232625.791815825,87699306.91085984,12220865.841518123,15535094.565593937,27676520.585796766,12665520.837817527,546532.7315822772,-306843.78205331136,18218586.829995062,124234544.04767044,33210379.084782586,12494963.44160866,790496.7575559262,87561795.5053758,14339909.835618962,-6932.110940610401,2236689.5273980275,23374593.400654808,66001730.58494783,6675994.159243922,3314880.438363241,892.7272062379942,174.39921652205135,174.38878145606517,232.51054194876986,168.75681087103945,131.94683153438842,185.88459145542367,175.72773838941413,-0.9109410777522449,-4.319990351599772,153.6728851984715,307.2769741010597,459.74849902792937,155.70862615971686,-0.010050672135648142,528.3614711593167,222.1919611738009,-0.2387752498001321,64.39536531498183,324.348414206385,211.10761463343567,88.41209117490514,64.38589919819262,6.615081193401938
29,2021-2분기,173179226.44163465,1076.2426921179435,159142400.90339023,13963873.854486063,25373152.18348758,36719743.91331249,33401086.715268135,33346026.55563719,29875999.088281218,13288684.868782677,671739.9283219196,-483498.37738570943,25774361.08887031,24872419.15816453,75727157.19256595,48888814.03248595,-2067632.4655643096,79167707.57593016,23168280.845200866,9547.157771510378,4963626.247241268,37854807.03470896,40570744.072378844,8614022.585516753,10013357.857147776,950.9517666647384,121.68742808961542,186.4859119338273,189.98075113511115,163.8470201042639,200.29083832810858,213.18013925392864,121.30083835231767,0.972953842857839,-3.8924555534390675,207.1160410482965,269.116112649977,442.20116687472586,182.43620219469454,-19.49591500954358,496.31801551826914,209.39320005460976,0.0576037454279652,54.37266911218714,265.32115992659453,262.85970614030686,76.57575339528262,49.035440923875484,8.227643946173885
30,2021-3분기,173887046.73870942,1119.539506556852,148022314.3928865,25813883.00997089,29996760.700569198,36431917.083908714,24953575.06674409,27719973.67900683,28774835.106246453,27588124.553363994,-1792615.984229523,-581692.8775564507,28661587.47942037,36064082.512188,72429392.82467398,34611374.25870821,2413266.3254706655,70390410.43353131,19731117.60645139,420.60986811717885,2951480.069750676,15294629.833601978,43620348.92047371,11941410.787690882,15972208.408732798,997.2460465238582,119.02809060790713,195.83177576025506,199.21034681043082,161.55578603992046,216.40617551603486,227.2846783511427,125.46967616490457,-5.844102853838011,-8.682635922517063,244.4727736009967,333.3419988116482,417.0906433447116,133.4936881188359,1.2388246261689062,501.03520509272937,167.40772851042095,-0.029414396361188144,47.82266064047394,196.20346969565495,269.56510165560087,96.23400980287717,61.01583573006119,9.58607469700813
31,2021-4분기,136455640.95868734,986.4129124846779,123318085.9700956,12757257.93063727,34273479.075356856,27727748.697268263,17587605.108989168,14409240.665757772,29075266.252865672,12956005.937354565,-168998.01851979247,-647048.6035217438,20338886.395463564,55570959.46108864,39164185.07822798,22886902.734503306,-1288617.0049146824,44835080.241542086,16514721.30556141,4886.083793313279,6547717.875783421,17518041.1586906,25596090.080651335,6376205.606063414,4975550.132428478,847.8905509425399,135.72176025743255,163.07678714709013,168.21259600873657,156.25907720273202,155.1134206888012,210.43404806398718,137.30677212847473,-0.6059999981897874,-7.180241113398355,187.62376504560103,312.5337053004796,410.5542808230369,93.11989317357387,-8.899942681997132,493.8001588823952,143.22268219382659,0.24491552724833832,75.70302492522393,240.9147554171337,212.90027892938826,64.69658518571883,44.70007346325321,6.402165246588156
32,2022-1분기,155014355.9176554,930.4303057531773,147856177.82178727,7569486.481793322,25812524.79290376,78800533.33240128,10132935.743545761,7883673.513550861,24940124.346421693,6791362.459828168,722682.5165903883,1172336.458569752,16530267.805301012,120506346.17152254,12940307.252174959,2114525.4098567357,1425513.5948692653,78246087.80651124,10290533.377593333,-10202.20478466976,-518210.36584527255,14883866.45411402,61554806.320621565,13474276.139044182,-1588572.096355278,770.0662283904373,156.51548984462437,147.48391758263173,205.79773621682915,147.9242795167001,97.5964772332234,173.87745536935003,157.25966393849325,0.097319262012455,5.2989245672419045,172.23217029668157,266.8150268525297,370.07000734987946,117.43833873684804,1.1433283121091478,465.0516193915398,219.24977514800173,-0.3391877518605626,51.69378337526814,287.09608347591836,156.42133406200583,125.24982949745738,68.5177095120268,4.799361889460471
33,2022-2분기,184379435.02150196,989.4188637285109,168122002.1525574,16194552.94608809,25778068.725405946,40390839.61085396,29069998.69998361,41433469.20244966,30999850.49458067,17777856.6589429,-1598775.7795763747,-801412.4363394007,29806424.316131555,22133268.635217596,81485519.50067571,54059100.57782088,-2839600.9503242495,76249243.29139045,22872809.863714747,17543.517526152325,3537424.221426644,41964614.45410938,43742133.683393516,7634262.737209747,1823684.298933696,881.3576216269607,103.57266384705662,160.29250821510325,178.55210326301776,142.26297359961444,199.67346376369835,204.30410058431892,112.89705290047954,-8.54241264793064,-9.567382719415026,210.38129670560454,263.8367015123251,403.2239852975563,159.6930195127141,-36.37015688540261,421.9796049591258,198.68978308045098,0.15679389666288124,41.96861251613805,194.37306523540622,277.5256555140202,65.74779377565925,42.6135992062628,7.219081807399139
34,2022-3분기,201200323.75083575,1038.0823431884087,172277558.26401508,28768083.02166514,35924975.30356979,53146180.98379045,25692148.921885084,22749077.183329634,34492077.701358594,31410686.365789033,-2656497.0826116507,-998396.9385288507,34999190.6196512,38434823.76611942,86689221.76700631,38734660.641297504,2986582.018789297,84827519.97991514,13472057.836936412,3669.6044252800566,1253934.8350183624,16820187.34154796,58819594.13116224,13943995.528554043,6985432.674522642,926.4705197389433,107.73676217051752,190.67519036537095,189.20457664891848,158.66987025967123,177.27825240868847,214.87889580491836,121.25836088715516,-12.691975876888081,-17.73112044886829,245.95305940138698,321.10416073443105,429.9416115933026,74.01974790718998,-13.34451632059988,444.5651655827136,151.70784973485655,0.009498858332954718,31.027442046299598,140.2971634585713,299.9192299244267,88.50522044539596,39.58089107810114,9.446757126308068
35,2022-4분기,92088122.47285289,706.6092397864379,87070134.20348388,4656589.79348889,21277687.157707497,26068830.471131474,7869834.6025648005,9219839.88949249,22525790.353129867,3971856.7014600784,719651.4036862464,-1012096.8448586296,10990708.150096826,38048126.04870628,32228148.36346618,13464702.155890726,-2083761.9436584888,30067817.65187656,10237792.401907234,-11218.071428433606,3511213.119766949,13388796.86205648,20261241.951951794,-73426.06808610074,2806644.941195708,620.3983962444744,82.25033501169605,136.4686737903498,121.91219068419933,109.05329616304293,103.9702015101143,155.09350634072862,87.43114635700755,-3.9378406947091094,-12.683664956234733,163.8533482100355,228.9729973202529,320.1807380172038,24.839616083667806,-17.159617023548606,365.8160970649109,101.39750574123798,-0.3020281270787486,48.18626287222264,143.98965669957056,184.7078733322275,52.931826192264396,39.920320586507046,4.474028707572671
